start_iso,chat_id,text,images_count,duration_sec
2026-08-14T15:26:15.030197,voice-3131959661760,こんにちはテストです,0,0.001
2026-08-14T15:29:52.239090,voice-2800420508576,こんにちはテストです,0,0.0
2026-08-14T16:19:39.630780,voice-2156121048176,こんにちは、調子はどうですか,0,60.079
2026-08-14T16:20:52.549484,voice-2156121048176,今日の天気を教えて,0,41.42
2026-08-14T16:22:06.623878,voice-2156121048176,この画像に何が写っていますか?,1,37.968
2026-08-14T16:23:04.032866,voice-2156121048176,ありがとう、助かりました,0,47.475
2026-08-14T16:24:02.839655,voice-2156121048176,もう一度、同じ画像で何が見えるか説明して,1,36.009
2026-08-14T16:25:05.533491,voice-2156121048176,テストは以上です、ありがとうございました,0,47.659
2026-08-14T17:23:32.020267,voice-2156121453344,今日 は 何 月 何 日 です か,0,15.442
2026-08-14T17:24:04.096458,voice-2156121453344,本日の東京の天気を教えてください,0,16.564
2026-08-14T17:24:46.910843,voice-2156121453344,こんにちは,0,9.195
2026-08-14T17:25:22.436202,voice-2156121456272,こんにちは,0,9.194
2026-08-14T17:25:50.112925,voice-2156121456272,今日 は 筋 トレ し ます,0,19.785
2026-08-15T00:28:40.578929,voice-2773494090496,筋トレの記録です。この手書きのものをデジタル化にして表にまとめてください,1,69.199
2026-08-15T00:30:07.003756,voice-2773494090496,筋トレの記録です。この手書きのものをデジタル化にして表にまとめてください,1,66.197
2026-08-15T00:34:34.882115,voice-2774495598528,こんにちは,0,45.279
2026-08-15T00:35:22.688302,voice-2774495598528,こんにちは,0,32.201
2026-08-15T00:40:17.162732,voice-1601295538880,こんにちはテストです,0,0.0
2026-08-15T00:41:44.709392,voice-2237042139760,こんにちはテストです,0,0.0
2026-08-15T00:43:41.891734,voice-2374139699728,こんにちはテストです,0,0.001
2026-08-15T00:44:52.791479,voice-2068962994720,こんにちはテストです,0,0.001
2026-08-15T00:59:17.814865,voice-1474326150800,手書きメモをデジタル化して表にまとめてください,1,47.536
2026-08-15T01:57:56.001356,voice-1938323029360,このファイルの内容を150文字以内にまとめてください,0,54.356
2026-08-15T01:59:35.312734,voice-1938323029360,卒論_覚張豪_RGB-D画像情報に基づくリアルタイムスロープ検知.docxの内容を200文字以内でまとめて,0,32.745
2026-08-15T02:01:19.120353,voice-1938323029360,このファイルの内容を150文字以内にまとめてください,0,36.975
2026-08-15T02:03:06.476300,voice-1938323029360,この手書きのものをデジタル化して表にまとめてください,1,51.99
2026-08-15T02:14:59.266618,voice-2738741968240,このファイルの内容を150文字以内でようやく,0,52.753
2026-08-15T02:16:28.521768,voice-2738741968240,この手書きメモをデジタル化して表にまとめてください,1,47.055
2026-08-15T02:18:34.187904,voice-2299594315040,こんにちはテストです,0,0.0
2026-08-15T02:19:31.612312,voice-2000321657936,こんにちはテストです,0,0.0
2026-08-15T02:23:56.624958,voice-2739341365888,このファイルを200文字以内で要約して,0,49.193
2026-08-15T09:26:11.255259,voice-1884075769344,こんにちはテストです,0,0.0
2026-08-15T09:33:29.875461,voice-2690958433968,こんにちはテストです,0,0.0
2026-08-15T09:35:50.125376,voice-1474456081408,こんにちはテストです,0,0.0
2026-08-15T09:36:53.326569,voice-2221129230976,こんにちはテストです,0,0.001
2026-08-15T09:39:58.584341,voice-2154288721952,こんにちはテストです,0,0.001
2026-08-15T10:54:03.940174,voice-2520153827728,こんにちはテストです,0,0.001
2026-08-15T11:00:21.831226,voice-2955696167712,こんにちはテストです,0,0.0
2026-08-15T11:04:43.403766,voice-1393871621344,こんにちはテストです,0,0.001
2026-08-15T11:15:25.237525,voice-2840890642592,こんにちはテストです,0,0.001
2026-08-15T11:26:59.114644,voice-1516551803760,こんにちはテストです,0,0.001
2026-08-15T11:37:04.565983,voice-2010885592880,今日 の 天気 を 教え て くれ,0,53.773
2026-08-15T11:57:46.303442,voice-2589901855520,本日の東京の天気を教えてください,0,74.662
2026-08-15T12:17:57.686875,voice-2589901855520,東京の天気を調べろ,0,60.239
2026-08-15T12:24:50.704021,voice-2864748059664,こんにちはテストです,0,0.0
2026-08-15T12:29:10.231857,voice-2489683028560,こんにちはテストです,0,0.001
2026-08-15T12:30:36.938549,voice-2289230311168,本日の東京の天気を教えてください,0,68.703
2026-08-15T12:32:37.688167,voice-1848208534000,こんにちはテストです,0,0.0
2026-08-15T12:33:30.820992,voice-1992694984112,本日の東京の天気を教えてください,0,28.107
2026-08-15T12:34:20.318998,voice-1992695070592,本日の東京の天気を教えてください,0,26.206
2026-08-15T16:15:59.986741,voice-1925849683184,東京 の 天気 を 調べて,0,68.049
2026-08-15T16:22:51.402552,voice-1925849683184,Cindyという筋トレ方法について簡単に教えて,0,149.488
2026-08-15T16:32:00.529367,voice-1925849683184,こんにちは。今日も良い天気だね,0,43.382
2026-08-15T16:41:27.794247,voice-2530392980080,こんにちはテストです,0,0.0
2026-08-15T16:45:11.441927,voice-2108614387872,本日 東京 の 天気 を 調べろ,0,32.319
2026-08-15T16:48:14.458813,voice-2108614387872,こう,0,39.497
2026-08-15T16:49:56.977447,voice-2107473757824,こんにちは,0,13.88
2026-08-15T17:02:18.901559,voice-1673593788784,こんにちはテストです,0,0.0
2026-08-15T17:05:35.924700,voice-3048902474016,この画像の手書きのものをデジタル化して表に求めて,1,47.288
2026-08-15T17:08:38.430823,voice-3048902474016,この 日 に,0,98.761
2026-08-15T17:28:52.343584,voice-2218966076592,箱根の観光値を調べて箱根の観光値を調べて,0,55.575
2026-08-15T17:31:35.619439,voice-1560309082560,やあ、C.L.A.I.R.E.ねえ、C.L.A.I.R.E.ねえ、C.L.A.I.R.E.C.L.A.I.R.E.、起動,0,95.665
2026-08-15T17:33:53.028101,voice-1609935955456,クレア起動,0,90.098
2026-08-15T17:38:05.521594,voice-1608801906480,C.L.A.I.R.E.東京の天気を教えて,0,35.6
2026-08-15T17:39:17.846047,voice-1608801906480,本日の東京の天気を教えて,0,40.511
2026-08-15T17:55:45.729783,voice-1755157492416,こんにちはテストです,0,0.001
2026-08-15T17:58:55.197297,voice-2757947422528,こんにちはテストです,0,0.001
2026-08-15T18:03:46.256757,voice-1553710766688,へ くれ よ,0,80.704
2026-08-15T18:06:39.316872,voice-1553710766688,今日 の 天気 を 調べ て 東京 都 で,0,16.172
2026-08-15T18:09:31.828718,voice-1553710766688,アベンジャーズ、ドゥームズデイの公開日はいつですか?,0,16.15
2026-08-15T18:10:33.625122,voice-1553711002064,C.L.A.I.R.E.、KIDO。本日の東京都の天気,0,17.989
2026-08-15T18:12:09.698557,voice-1553711273920,本日の東京都の天気を調べて,0,13.617
2026-08-15T18:13:08.838444,voice-1553711273920,アベンジャーズ 税務,0,52.275
2026-08-15T18:15:08.105132,voice-1553711273536,最新のアベンジャーズドゥームデイの予告動画はありますか?検索してください,0,39.033
2026-08-15T18:16:40.542267,voice-1553711273536,クレア,0,70.842
2026-08-15T18:19:48.370426,voice-1553949989280,"Hey, good day y'all.",0,11.712
2026-08-15T18:20:24.370066,voice-1553949989280,D23で発表されたDoomsdayの予告の動画、URLを出して,0,18.94
2026-08-15T18:21:58.863301,voice-1553949989280,ドゥームズゼイの予告動画をYouTubeから引っ張ってきてください,0,984.344
2026-08-15T18:50:17.352003,voice-1567285866480,こんにちは,0,0.201
2026-08-15T18:50:17.562776,voice-1567285942400,テスト,0,0.0
2026-08-15T18:49:37.358550,voice-1553711398016,この画像は何 の キャラクター です か,1,62.0
2026-08-15T18:51:02.246385,voice-1528834174336,こんにちは,0,0.201
2026-08-15T18:51:02.454338,voice-1528834315312,テスト,0,0.001
2026-08-15T18:51:14.249466,voice-2365461470032,こんにちは,0,0.202
2026-08-15T18:51:14.464010,voice-2365461546192,テスト,0,0.0
2026-08-15T18:51:33.816671,voice-2365462321904,こんにちはテストです,0,0.001
2026-08-15T18:52:04.538944,voice-1553711398016,残念だけど、その子は藤田ことぬではなくて、りなみお姉ちゃんです,0,60.564
2026-08-15T18:53:11.020796,voice-2773755534304,こんにちは,0,0.201
2026-08-15T18:53:11.243848,voice-2773755610128,テスト,0,0.0
2026-08-15T18:53:30.439491,voice-2773756386608,こんにちはテストです,0,0.0
2026-08-15T18:54:08.155218,voice-1514098813904,こんにちは,0,0.201
2026-08-15T18:54:08.363264,voice-1514098922208,テスト,0,0.001
2026-08-15T18:54:14.302774,voice-2107375262784,こんにちは,0,0.202
2026-08-15T18:54:14.510760,voice-2107375338944,テスト,0,0.001
2026-08-15T18:54:33.733978,voice-2107376114512,こんにちはテストです,0,0.001
2026-08-15T22:24:22.677820,voice-2033989526032,明日の8月16日の東京都の天気を教えて,0,55.393
2026-08-15T22:35:47.037342,voice-2708159451008,"Hey, C.L.A.I.R.E.A.I.R.E.、明日の東京都の天気を調べろ",0,40.643
2026-08-15T22:38:46.727334,voice-2708159451008,キーコンキのアニメを一覧で出してくれ,0,11.427
2026-08-15T22:41:03.923136,voice-2708159451008,今期のアニメを一覧で出してください。またおすすめのアニメがあればそれも教えてください。,0,34.804
2026-08-15T22:42:10.685144,voice-2708159451008,7月から放送開始の夏アニメで、2026年の夏アニメの一覧を出しておすすめのものも教えてください,0,58.787
2026-08-15T22:43:13.090811,voice-2722806471024,こんにちは,0,0.201
2026-08-15T22:43:13.304112,voice-2722806480816,テスト,0,0.0
2026-08-15T22:43:32.596040,voice-2722807338224,こんにちはテストです,0,0.001
2026-08-15T22:45:06.827458,voice-2708604698896,明日の東京都の天気を調べて,0,16.99
2026-08-15T22:46:19.532247,voice-2708604698896,ありがとう,0,12.561
2026-08-15T22:49:38.149897,voice-2708604698896,エクセルを出力することは可能ですか?,0,47.676
2026-08-15T22:51:23.853173,voice-1898458161536,現在 の スパイダーマン ブランド 入店 の 興行 収入,0,37.81
2026-08-15T22:55:03.323226,voice-1784761064704,こんにちは,0,0.202
2026-08-15T22:55:03.543757,voice-1784761156912,テスト,0,0.001
2026-08-15T22:54:38.541321,voice-1898458605536,現在のスパイダーマン、ブランドニューデーの工業収入を調べて,0,30.106
2026-08-15T22:55:21.580057,voice-1784761166080,こんにちはテストです,0,0.002
2026-08-15T22:58:02.336304,voice-1881687986624,明日 の 東京 都 の 天気,0,14.593
2026-08-15T23:02:20.237597,voice-1881687986624,起動今テンプした画像をデジタル化して表にまとめそれを Excelファイルとして出力してください,1,70.741
2026-08-15T23:16:42.430986,voice-2056733485696,接続が生きていることの確認,0,0.001
2026-08-15T23:16:55.976968,voice-2350805432512,接続が生きていることの確認,0,0.001
2026-08-15T23:16:55.994960,voice-2350805539472,こんにちは,0,0.202
2026-08-15T23:16:56.226443,voice-2350805541632,テスト,0,0.0
2026-08-15T23:17:15.525490,voice-2350807751072,こんにちはテストです,0,0.001
2026-08-15T23:22:33.384332,voice-2435451523712,くれ よ,0,87.363
2026-08-15T23:23:00.253841,voice-2436449644960,"Hey, C.L.A.I.R.E.",0,65.335
2026-08-15T23:24:47.333431,voice-2436450001088,明日の東京都の天気を調べて,0,37.022
2026-08-15T23:25:42.229113,voice-2436450001088,ヘイクレア,0,28.81
2026-08-15T23:26:45.612053,voice-2436450001088,テンプした画像が何を示しているか100文字以内で示せ,1,39.277
2026-08-15T23:34:40.569120,voice-2588599336496,接続が生きていることの確認,0,0.001
2026-08-15T23:34:40.583156,voice-2588599442496,こんにちは,0,0.202
2026-08-15T23:34:40.806414,voice-2588599447296,テスト,0,0.0
2026-08-15T23:35:00.193885,voice-2588601586256,こんにちはテストです,0,0.0
2026-08-16T00:11:18.224038,sess-20260816-001118-1154,テスト,0,0.001
2026-08-16T00:11:18.803504,sess-20260816-001118-9451,明日の予定を教えて,0,0.0
2026-08-16T00:11:19.008109,voice-2723561707936,テスト,0,0.0
2026-08-16T00:11:19.209848,voice-2723562400096,テスト,0,0.001
2026-08-16T00:11:45.931152,sess-20260816-001145-2711,テスト,0,0.0
2026-08-16T00:11:45.967650,sess-20260816-001145-2913,明日の予定を教えて,0,0.001
2026-08-16T00:11:46.001177,voice-2307610507888,テスト,0,0.001
2026-08-16T00:11:46.014718,voice-2307610358176,テスト,0,0.001
2026-08-16T00:12:02.533882,voice-1863321749216,接続が生きていることの確認,0,0.0
2026-08-16T00:12:02.583586,voice-1863321938320,こんにちは,0,0.202
2026-08-16T00:12:02.809839,voice-1863322056128,テスト,0,0.001
2026-08-16T00:12:03.565868,sess-20260816-001203-5239,テスト,0,0.001
2026-08-16T00:12:03.610153,sess-20260816-001203-3793,明日の予定を教えて,0,0.0
2026-08-16T00:12:03.653701,voice-1863321055648,テスト,0,0.0
2026-08-16T00:12:03.673732,voice-1863321667824,テスト,0,0.001
2026-08-16T00:12:21.760915,voice-1863322117344,こんにちはテストです,0,0.001
2026-08-16T00:15:45.685789,voice-1787689207856,接続が生きていることの確認,0,0.001
2026-08-16T00:15:45.722903,voice-1787689397152,こんにちは,0,0.203
2026-08-16T00:15:45.946613,voice-1787689482720,テスト,0,0.002
2026-08-16T00:15:46.688829,sess-20260816-001546-9308,テスト,0,0.0
2026-08-16T00:15:46.739380,sess-20260816-001546-5441,明日の予定を教えて,0,0.001
2026-08-16T00:15:46.785482,voice-1787689387360,テスト,0,0.001
2026-08-16T00:15:46.807020,voice-1787689129344,テスト,0,0.001
2026-08-16T00:16:04.897710,voice-1787689477824,こんにちはテストです,0,0.001
2026-08-16T00:16:55.911245,voice-2083879159760,接続が生きていることの確認,0,0.001
2026-08-16T00:16:55.944434,voice-2083879348528,こんにちは,0,0.201
2026-08-16T00:16:56.163605,voice-2083879466624,テスト,0,0.002
2026-08-16T00:16:56.867604,sess-20260816-001656-0333,テスト,0,0.0
2026-08-16T00:16:56.909934,sess-20260816-001656-1882,明日の予定を教えて,0,0.001
2026-08-16T00:16:57.561101,voice-2083879350016,テスト,0,0.0
2026-08-16T00:16:57.584983,voice-2083879087824,テスト,0,0.001
2026-08-16T00:17:15.638632,voice-2083878311632,こんにちはテストです,0,0.001
2026-08-16T00:17:46.607441,sess-20260816-001746-2725,明日の予定を教えて,0,0.0
2026-08-16T00:17:49.214932,sess-20260816-001749-7116,明日の予定を教えて,0,0.0
2026-08-16T00:17:51.855347,sess-20260816-001751-0557,明日の予定を教えて,0,0.0
2026-08-16T00:17:54.800586,sess-20260816-001754-8620,明日の予定を教えて,0,0.001
2026-08-16T00:17:57.572171,sess-20260816-001757-4557,明日の予定を教えて,0,0.001
2026-08-16T00:18:25.120353,sess-20260816-001825-7810,明日の予定を教えて,0,0.001
2026-08-16T00:18:27.854002,sess-20260816-001827-4663,明日の予定を教えて,0,0.001
2026-08-16T00:18:30.476768,sess-20260816-001830-9501,明日の予定を教えて,0,0.0
2026-08-16T00:18:33.073340,sess-20260816-001833-7745,明日の予定を教えて,0,0.001
2026-08-16T00:18:35.640266,sess-20260816-001835-6557,明日の予定を教えて,0,0.001
2026-08-16T00:18:38.221351,sess-20260816-001838-8697,明日の予定を教えて,0,0.001
2026-08-16T00:18:40.646412,sess-20260816-001840-6482,明日の予定を教えて,0,0.0
2026-08-16T00:18:43.104560,sess-20260816-001843-6028,明日の予定を教えて,0,0.001
2026-08-16T00:18:54.048004,voice-1835327849968,接続が生きていることの確認,0,0.0
2026-08-16T00:18:54.069507,voice-1835328038784,こんにちは,0,0.201
2026-08-16T00:18:54.281347,voice-1835328157072,テスト,0,0.001
2026-08-16T00:18:54.779948,sess-20260816-001854-6804,テスト,0,0.001
2026-08-16T00:18:54.809295,sess-20260816-001854-0517,明日の予定を教えて,0,0.0
2026-08-16T00:18:54.838360,voice-1835328145072,テスト,0,0.001
2026-08-16T00:18:54.851917,voice-1835327788272,テスト,0,0.001
2026-08-16T00:19:14.031058,voice-1835328211808,こんにちはテストです,0,0.001
2026-08-16T00:19:20.436644,voice-2019160263184,接続が生きていることの確認,0,0.0
2026-08-16T00:19:20.455894,voice-2019160451760,こんにちは,0,0.201
2026-08-16T00:19:20.669720,voice-2019160569856,テスト,0,0.0
2026-08-16T00:19:21.046558,sess-20260816-001920-6414,テスト,0,0.001
2026-08-16T00:19:21.073330,sess-20260816-001921-0021,明日の予定を教えて,0,0.0
2026-08-16T00:19:21.096790,voice-2019160444992,テスト,0,0.001
2026-08-16T00:19:21.108809,voice-2019160186880,テスト,0,0.001
2026-08-16T00:19:40.255922,voice-2019160455936,こんにちはテストです,0,0.0
2026-08-16T00:19:47.443074,voice-2267801750320,接続が生きていることの確認,0,0.001
2026-08-16T00:19:47.469303,voice-2267801938896,こんにちは,0,0.201
2026-08-16T00:19:47.683600,voice-2267802024416,テスト,0,0.001
2026-08-16T00:19:48.194428,sess-20260816-001948-3749,テスト,0,0.0
2026-08-16T00:19:48.225504,sess-20260816-001948-0256,明日の予定を教えて,0,0.0
2026-08-16T00:19:48.256354,voice-2267802023552,テスト,0,0.001
2026-08-16T00:19:48.272056,voice-2267801836272,テスト,0,0.002
2026-08-16T00:20:07.467125,voice-2267803868800,こんにちはテストです,0,0.001
2026-08-16T00:20:41.044867,voice-1543059180000,接続が生きていることの確認,0,0.001
2026-08-16T00:20:41.067004,voice-1543059368528,こんにちは,0,0.202
2026-08-16T00:20:41.286309,voice-1543059487200,テスト,0,0.0
2026-08-16T00:20:41.798131,sess-20260816-002041-8550,テスト,0,0.001
2026-08-16T00:20:41.830255,sess-20260816-002041-7805,明日の予定を教えて,0,0.0
2026-08-16T00:20:41.862376,voice-1543059368576,テスト,0,0.0
2026-08-16T00:20:41.877404,voice-1543059106384,テスト,0,0.0
2026-08-16T00:21:01.117947,voice-1543059273440,こんにちはテストです,0,0.0
2026-08-16T01:15:13.840981,voice-1477614882784,"Hey, C.L.A.I.R.E.Hey, C.L.A.I.R.E.",0,85.255
2026-08-16T01:15:28.012363,voice-1478611739056,"Hey, C.L.A.I.R.E.",0,77.008
2026-08-16T01:17:27.152885,voice-1478611660352,アベンジャーズドゥーム製で出現するキャストを教えて,0,49.22
2026-08-16T01:19:23.360289,voice-1478611660352,この ＰＤＦ の,0,86.765
2026-08-16T01:20:45.785301,voice-1489269424448,この資料の内容を100文字で要約して,0,30.62
2026-08-16T01:21:57.462229,voice-1489269424448,今度 は 三百 文字 以内 で 要約 し て,0,25.062
2026-08-16T01:23:40.884241,voice-1489269424448,このP2Fの内容で一番重要なものは何ですか?,0,37.322
2026-08-16T01:26:17.211793,sess-20260816-012449-1650,この論文を300文字以内でようやくして,0,12.598
2026-08-16T01:27:03.105164,sess-20260816-012449-1650,ではこの卒論の資料を300文字以内で要約してくれ,0,17.13
2026-08-16T01:28:37.766175,sess-20260816-012803-0964,この資料からおすすめな曲のタイトルは何かな,0,29.413
2026-08-16T01:33:09.868684,sess-20260816-012803-0964,ではHotel Moonsideという曲を知りたいので、YouTubeなどからその曲を探して,0,29.164
2026-08-16T01:34:42.903202,sess-20260816-013420-8849,"Hey, C.L.A.I.R.E.",0,65.983
2026-08-16T01:48:43.565223,sess-20260816-014843-9365,この資料からおすすめな曲のタイトルは何かな,0,0.0
2026-08-16T01:48:43.607266,sess-20260816-014843-2814,2回目の発話,0,0.0
2026-08-16T01:48:56.718596,voice-1853638323968,接続が生きていることの確認,0,0.0
2026-08-16T01:48:56.734314,voice-1853638578432,こんにちは,0,0.201
2026-08-16T01:48:56.944269,voice-1853638663952,テスト,0,0.0
2026-08-16T01:48:57.345963,sess-20260816-014857-9127,テスト,0,0.0
2026-08-16T01:49:00.980251,sess-20260816-014900-6310,明日の予定を教えて,0,0.001
2026-08-16T01:49:04.699380,voice-1853638325312,テスト,0,0.001
2026-08-16T01:49:04.713001,voice-1853638497040,テスト,0,0.0
2026-08-16T01:49:04.736018,sess-20260816-014904-0807,この資料からおすすめな曲のタイトルは何かな,0,0.0
2026-08-16T01:49:04.831108,sess-20260816-014904-7247,2回目の発話,0,0.0
2026-08-16T01:49:24.283926,voice-1853637755152,こんにちはテストです,0,0.001
2026-08-16T01:53:17.843217,sess-20260816-015201-4115,筋トレで上腕三頭筋のメニューでP.O.F. 法を用いたメニューだと何があるか教えてくほしい,0,69.887
2026-08-16T01:56:03.552104,sess-20260816-015201-4115,PとOとFの3つの観点からそれぞれ1種目だけ選抜するならばどの種目を選びますか,0,51.112
2026-08-16T01:57:48.563828,sess-20260816-015718-6061,機動,0,64.033
2026-08-16T01:59:38.505442,sess-20260816-015718-6061,今日は何月何日?,0,19.047
2026-08-16T02:02:52.660485,sess-20260816-020252-7503,この資料からおすすめな曲のタイトルは何かな,0,0.0
2026-08-16T02:03:46.077320,sess-20260816-020346-3036,この資料からおすすめな曲のタイトルは何かな,0,0.001
2026-08-16T02:03:46.106628,sess-20260816-020346-8893,この資料からおすすめな曲のタイトルは何かな,0,0.001
2026-08-16T02:03:46.147936,sess-20260816-020346-7457,2回目の発話,0,0.001
2026-08-16T02:04:01.824342,voice-2944196620464,接続が生きていることの確認,0,0.001
2026-08-16T02:04:01.883888,voice-2944196907168,こんにちは,0,0.202
2026-08-16T02:04:02.096253,voice-2944196960208,テスト,0,0.002
2026-08-16T02:04:02.561882,sess-20260816-020402-7113,テスト,0,0.0
2026-08-16T02:04:06.238968,sess-20260816-020406-2806,明日の予定を教えて,0,0.001
2026-08-16T02:04:09.878894,voice-2944196608176,テスト,0,0.0
2026-08-16T02:04:09.891810,voice-2944196815440,テスト,0,0.0
2026-08-16T02:04:09.917113,sess-20260816-020409-5433,この資料からおすすめな曲のタイトルは何かな,0,0.0
2026-08-16T02:04:09.952592,sess-20260816-020409-5942,この資料からおすすめな曲のタイトルは何かな,0,0.0
2026-08-16T02:04:09.997695,sess-20260816-020409-3887,2回目の発話,0,0.001
2026-08-16T02:04:29.360122,voice-2944198286112,こんにちはテストです,0,0.0
2026-08-16T02:06:26.080039,sess-20260816-020617-1127,"Hey, C.L.A.I.R.E.",0,47.302
2026-08-16T02:07:45.442931,sess-20260816-020722-9355,トムホランドの出演作品を教えて,0,44.495
2026-08-16T02:11:07.388222,sess-20260816-021038-1303,明日の東京都の天気を教えて,0,17.852
2026-08-16T13:44:48.965455,voice-1526321918176,接続が生きていることの確認,0,0.001
2026-08-16T13:44:48.985997,voice-1526322172832,こんにちは,0,0.201
2026-08-16T13:44:49.201035,voice-1526322258688,テスト,0,0.0
2026-08-16T13:44:49.623341,sess-20260816-134449-3248,テスト,0,0.001
2026-08-16T13:45:09.645163,sess-20260816-134509-1163,明日の予定を教えて,0,0.001
2026-08-16T13:45:13.576744,voice-1526321920672,テスト,0,0.001
2026-08-16T13:45:13.592532,voice-1526322094704,テスト,0,0.0
2026-08-16T13:45:13.620756,sess-20260816-134513-4392,この資料からおすすめな曲のタイトルは何かな,0,0.001
2026-08-16T13:45:13.661523,sess-20260816-134513-5256,この資料からおすすめな曲のタイトルは何かな,0,0.001
2026-08-16T13:45:13.717574,sess-20260816-134513-5442,2回目の発話,0,0.001
2026-08-16T13:45:33.187665,voice-1526323571136,こんにちはテストです,0,0.001
2026-08-16T13:48:50.457105,voice-2279071203504,接続が生きていることの確認,0,0.0
2026-08-16T13:48:50.482143,voice-2279072562496,こんにちは,0,0.201
2026-08-16T13:48:50.699594,voice-2279072732880,テスト,0,0.0
2026-08-16T13:48:51.260839,sess-20260816-134851-5254,テスト,0,0.001
2026-08-16T13:48:55.141682,sess-20260816-134855-9380,明日の予定を教えて,0,0.001
2026-08-16T13:48:59.239135,voice-2279072630880,テスト,0,0.001
2026-08-16T13:48:59.259655,voice-2279072835024,テスト,0,0.0
2026-08-16T13:48:59.296608,sess-20260816-134859-9930,この資料からおすすめな曲のタイトルは何かな,0,0.001
2026-08-16T13:48:59.341724,sess-20260816-134859-7050,この資料からおすすめな曲のタイトルは何かな,0,0.001
2026-08-16T13:48:59.406129,sess-20260816-134859-9053,2回目の発話,0,0.0
2026-08-16T13:49:18.739743,voice-2279078650384,こんにちはテストです,0,0.0
2026-08-16T13:51:19.117316,voice-2967560805584,接続が生きていることの確認,0,0.001
2026-08-16T13:51:19.157871,voice-2967560462720,こんにちは,0,0.202
2026-08-16T13:51:19.375024,voice-2967560101984,テスト,0,0.0
2026-08-16T13:51:19.996139,sess-20260816-135119-9725,テスト,0,0.001
2026-08-16T13:51:23.904057,sess-20260816-135123-0483,明日の予定を教えて,0,0.001
2026-08-16T13:51:28.004085,voice-2967560632080,テスト,0,0.0
2026-08-16T13:51:28.024479,voice-2967562929120,テスト,0,0.0
2026-08-16T13:51:28.064322,sess-20260816-135128-9230,この資料からおすすめな曲のタイトルは何かな,0,0.001
2026-08-16T13:51:28.112760,sess-20260816-135128-9836,この資料からおすすめな曲のタイトルは何かな,0,0.0
2026-08-16T13:51:28.175818,sess-20260816-135128-3376,2回目の発話,0,0.001
2026-08-16T13:51:47.639629,voice-2967560547856,こんにちはテストです,0,0.001
2026-08-16T14:01:24.280355,voice-2328069243200,接続が生きていることの確認,0,0.0
2026-08-16T14:01:24.310395,voice-2328069006704,こんにちは,0,0.201
2026-08-16T14:01:24.528407,voice-2328069525664,テスト,0,0.0
2026-08-16T14:01:25.167462,sess-20260816-140125-6977,テスト,0,0.001
2026-08-16T14:01:45.527817,sess-20260816-140145-2471,明日の予定を教えて,0,0.001
2026-08-16T14:01:49.996439,voice-2328069253232,テスト,0,0.001
2026-08-16T14:01:50.027708,voice-2328071649232,テスト,0,0.001
2026-08-16T14:01:50.071599,sess-20260816-140150-0130,この資料からおすすめな曲のタイトルは何かな,0,0.0
2026-08-16T14:01:50.121593,sess-20260816-140150-2304,この資料からおすすめな曲のタイトルは何かな,0,0.001
2026-08-16T14:01:50.184870,sess-20260816-140150-3864,2回目の発話,0,0.001
2026-08-16T14:02:09.753500,voice-2328069908880,こんにちはテストです,0,0.0
2026-08-16T14:04:16.521408,voice-2557962585248,接続が生きていることの確認,0,0.0
2026-08-16T14:04:16.552548,voice-2557962346880,こんにちは,0,0.202
2026-08-16T14:04:16.769652,voice-2557962866848,テスト,0,0.0
2026-08-16T14:04:17.374812,sess-20260816-140417-4434,テスト,0,0.0
2026-08-16T14:04:21.404795,sess-20260816-140421-3590,明日の予定を教えて,0,0.0
2026-08-16T14:04:25.516187,voice-2557962592160,テスト,0,0.0
2026-08-16T14:04:25.536296,voice-2557963249104,テスト,0,0.002
2026-08-16T14:04:25.579375,sess-20260816-140425-6294,この資料からおすすめな曲のタイトルは何かな,0,0.001
2026-08-16T14:04:25.634227,sess-20260816-140425-1568,この資料からおすすめな曲のタイトルは何かな,0,0.001
2026-08-16T14:04:25.707723,sess-20260816-140425-0009,2回目の発話,0,0.0
2026-08-16T14:04:45.120772,voice-2557969793824,こんにちはテストです,0,0.0
2026-08-16T14:05:08.821888,voice-2017656865952,接続が生きていることの確認,0,0.0
2026-08-16T14:05:08.847909,voice-2017656628016,こんにちは,0,0.201
2026-08-16T14:05:09.063303,voice-2017657148320,テスト,0,0.001
2026-08-16T14:05:09.639083,sess-20260816-140509-5635,テスト,0,0.001
2026-08-16T14:05:13.498046,sess-20260816-140513-8785,明日の予定を教えて,0,0.0
2026-08-16T14:05:17.582335,voice-2017656872000,テスト,0,0.0
2026-08-16T14:05:17.604366,voice-2017659268960,テスト,0,0.001
2026-08-16T14:05:17.642519,sess-20260816-140517-8697,この資料からおすすめな曲のタイトルは何かな,0,0.001
2026-08-16T14:05:17.694640,sess-20260816-140517-7606,この資料からおすすめな曲のタイトルは何かな,0,0.0
2026-08-16T14:05:17.762521,sess-20260816-140517-2397,2回目の発話,0,0.001
2026-08-16T14:05:37.149162,voice-2017654913312,こんにちはテストです,0,0.0
2026-08-16T14:20:04.077592,sess-20260816-141902-9146,"Hey, C.L.A.I.R.E.",1,50.925
2026-08-16T14:21:54.565520,sess-20260816-142102-8140,二千二十六 年 で 七 月 から 放送 開始 し た 新規 アニメ の 一覧 表 を 作成 し て Ｇｏｏｇｌｅスプレッドシート に 出力 し て ください,0,1.959
2026-08-16T14:20:37.823724,voice-2638684237856,"Hey, C.L.A.I.R.E.",0,92.51
2026-08-16T14:22:36.755494,sess-20260816-142102-8140,2026年7月から放送開始のアニメンを一覧表を作成してGoogle スプレッドシートに出力してください,0,1.761
2026-08-16T14:26:53.794229,sess-20260816-142630-6902,こんにちは,0,34.526
2026-08-16T14:38:41.475662,sess-20260816-142630-6902,2026年7月から放送開始したアニメを一覧表で作成し、スプレッドシートで出力してください,0,1.687
2026-08-16T14:39:38.158172,sess-20260816-142630-6902,テンプした画像をデジタル化して表にまとめてそれをスプレッドシートで出力してください,1,1.734
2026-08-16T14:47:55.450991,voice-1791296117344,接続が生きていることの確認,0,0.0
2026-08-16T14:47:55.471001,voice-1791294208864,こんにちは,0,0.202
2026-08-16T14:47:55.684872,voice-1791296329280,テスト,0,0.0
2026-08-16T14:47:56.269983,sess-20260816-144756-4412,テスト,0,0.0
2026-08-16T14:48:10.684179,sess-20260816-144810-9753,明日の予定を教えて,0,0.0
2026-08-16T14:48:14.427625,voice-1791298902240,テスト,0,0.0
2026-08-16T14:48:14.441627,voice-1791296856592,テスト,0,0.001
2026-08-16T14:48:14.466626,sess-20260816-144814-2302,この資料からおすすめな曲のタイトルは何かな,0,0.001
2026-08-16T14:48:14.501134,sess-20260816-144814-0376,この資料からおすすめな曲のタイトルは何かな,0,0.0
2026-08-16T14:48:14.543758,sess-20260816-144814-3344,2回目の発話,0,0.001
2026-08-16T14:48:34.068449,voice-1791296238176,こんにちはテストです,0,0.0
2026-08-16T14:51:07.684503,voice-1886779670704,この手書きメモのワークアートをデジタル化して表にまとめ、それをスプレートシートで出力してください,1,51.893
2026-08-16T14:54:16.288521,voice-1886779670704,先ほどの表をExcelで出力してください,0,45.133
2026-08-16T14:56:33.180471,voice-1886779670704,"""C:\Users\gakuh\Documents\obsidian\サポートAI作製計画\scripts\workspace""にExcelを出力せよ",0,59.431
2026-08-16T14:58:23.380891,voice-1886779670704,じっこうして。実行後どこに出力したかも教えて,0,5.137
2026-08-16T14:59:58.848003,voice-1886779670704,先ほど の 出力 し た エクセル を 見 た が ちゃんと 画像 の メモ が 反映 さ れ て い ない の で もう 一 度 この 今 送っ た 画像 を デジタル 化 し て 表 に まとめ て それ を 育成 で 出力 し て,1,49.407
2026-08-16T15:02:11.102801,sess-20260816-150118-6675,"Hey, C.L.A.L.",1,15.744
2026-08-16T15:03:01.273384,sess-20260816-150222-5106,添付 し た 画像 を 実施 する か し て 表 に まとめ て それ を エクセル で 出力 し て ください,1,92.745
2026-08-16T15:06:57.112433,sess-20260816-150222-5106,この 画像 を デジタル 化 し て 表 に まとめ それ を エクセル ね 出力 し て ください,1,66.324
2026-08-16T15:11:13.333586,voice-2321709238128,接続が生きていることの確認,0,0.0
2026-08-16T15:11:13.360049,voice-2321707334784,こんにちは,0,0.202
2026-08-16T15:11:13.585300,voice-2321709454864,テスト,0,0.001
2026-08-16T15:11:14.021782,sess-20260816-151114-5134,テスト,0,0.0
2026-08-16T15:11:31.777295,sess-20260816-151131-4326,明日の予定を教えて,0,0.001
2026-08-16T15:11:35.477294,voice-2321711880704,テスト,0,0.001
2026-08-16T15:11:35.491978,voice-2321709171536,テスト,0,0.0
2026-08-16T15:11:35.515842,sess-20260816-151135-2456,この資料からおすすめな曲のタイトルは何かな,0,0.001
2026-08-16T15:11:35.552435,sess-20260816-151135-6916,この資料からおすすめな曲のタイトルは何かな,0,0.0
2026-08-16T15:11:35.597178,sess-20260816-151135-6897,2回目の発話,0,0.0
2026-08-16T15:11:54.960931,voice-2321709358912,こんにちはテストです,0,0.0
2026-08-16T15:13:12.001614,voice-2011376984016,接続が生きていることの確認,0,0.0
2026-08-16T15:13:12.035382,voice-2011375061232,こんにちは,0,0.202
2026-08-16T15:13:12.255148,voice-2011377198448,テスト,0,0.0
2026-08-16T15:13:12.972618,sess-20260816-151312-7209,テスト,0,0.001
2026-08-16T15:13:17.137904,sess-20260816-151317-8830,明日の予定を教えて,0,0.001
2026-08-16T15:13:21.337880,voice-2011379722736,テスト,0,0.0
2026-08-16T15:13:21.365704,voice-2011379389680,テスト,0,0.001
2026-08-16T15:13:21.405807,sess-20260816-151321-5451,この資料からおすすめな曲のタイトルは何かな,0,0.001
2026-08-16T15:13:21.459957,sess-20260816-151321-5444,この資料からおすすめな曲のタイトルは何かな,0,0.003
2026-08-16T15:13:21.530632,sess-20260816-151321-6304,2回目の発話,0,0.0
2026-08-16T15:13:39.789545,voice-2011377644800,こんにちはテストです,0,0.0
2026-08-16T15:52:18.090195,sess-20260816-154949-2781,この画像をデジタル化の表にまとめて、スプレッドシートで出力してください。,1,64.606
2026-08-16T15:55:08.230700,sess-20260816-154949-2781,続いて、この画像をデジタル化して、エクセルで出力してください,1,123.296
2026-08-16T15:57:56.234557,sess-20260816-154949-2781,テンプした画像をデジタラ化して表にまとめてそれをエクセルで出力してください,1,101.171
2026-08-16T15:59:52.028907,sess-20260816-154949-2781,実行して,0,4.893
2026-08-16T16:01:27.479794,sess-20260816-160120-3246,はい、C.L.A.I.R.E.,0,48.442
2026-08-16T16:04:18.468573,sess-20260816-160257-5402,2025年の1月から2026年8月の現在までに行われた筋トレの研究で、一番良い種目を代表筋、背中、下半身、腕トレ、上腕3頭筋、上腕2頭筋、肩、の分類で最適な種目を各3種目ずつ教えてください,0,117.998
2026-08-16T16:11:52.734436,sess-20260816-160810-5702,"# 目的 2025年1月〜2026年8月までに発表された最新の査読付き運動生理学・スポーツ科学論文（PubMed / JSCR / Sports Medicine等の主要ジャーナル・国際学会誌掲載）に基づき、部位別の最適筋トレ種目に関するエビデンスレポートを作成してください。  # 調査・選定条件 - **対象部位（計7部位）**:    1. 大胸筋 2. 背中 3. 下半身 4. 前腕 5. 上腕三頭筋 6. 上腕二頭筋 7. 肩 - **選定数**: 各部位につき推奨種目を**3種目**（計21種目） - **根拠の基準**:    - 査読付き（Peer-reviewed）の国際学術論文に限定すること   - 架空の論文（ハルシネーション）を生成せず、実在する論文の著者名・出版年・DOI/URLを特定して引用すること   - ※指定期間（2025年1月〜2026年8月）に該当部位の新規論文が不足する場合は、最も信憑性の高い近年の金字塔的メタ分析・システマティックレビューを代替引用し、その旨を明記すること  # 出力形式・ルール 1. **Googleドキュメント互換のMarkdown形式**で出力してください。 2. **本文中の引用表記**:    - 科学的根拠を述べる際は、必ず「著者名ら（出版年）の研究[番号]によると、〜」という形式で文中に番号を振ること。 3. **各部位の記述構成**:    - **部位名**      - **種目名**        - **推奨理由・作用機序**: 筋電図（EMG）データ、筋肥大率、可動域（ROM）、伸張位負荷（Stretch-mediated hypertrophy）などの観点から解説        - **科学的根拠（本文中引用）**: 例「Schoenfeldら（2025）の研究[1]によって、〜」 4. **末尾の参考文献一覧（References）**:    - ドキュメントの最後に、本文の引用番号 `[1]` `[2]` ... と完全に対応させた出典リストを記載すること。    - 形式: `[番号] 著者名 (出版年). ""論文タイトル"", ジャーナル名, 巻(号), ページ / DOI or URL`",0,72.923
2026-08-16T16:13:40.021999,sess-20260816-160810-5702,2025年の1月から2026年8月の現在までに行われた筋トレの研究で、大胸筋、背中、下半身、前腕、上腕3頭筋、上腕2頭筋、肩、の分類で最適な種目を各3種目ずつ教えてください。論文を検索する際国際学会で査読があって信憑性が高い論文のみを限定してリサーチせよ。 その結果をGoogleドキュメントで出力せよ。,0,103.266
2026-08-16T17:17:47.003331,voice-2448505665104,接続が生きていることの確認,0,0.001
2026-08-16T17:17:47.025979,voice-2448506104496,こんにちは,0,0.202
2026-08-16T17:17:47.239871,voice-2448507440880,テスト,0,0.0
2026-08-16T17:17:47.716029,sess-20260816-171747-0181,テスト,0,0.001
2026-08-16T17:18:02.634252,sess-20260816-171802-9553,明日の予定を教えて,0,0.001
2026-08-16T17:18:06.403057,voice-2448505578192,テスト,0,0.001
2026-08-16T17:18:06.429207,voice-2448505661264,テスト,0,0.001
2026-08-16T17:18:06.463351,sess-20260816-171806-3393,この資料からおすすめな曲のタイトルは何かな,0,0.002
2026-08-16T17:18:06.498465,sess-20260816-171806-4698,この資料からおすすめな曲のタイトルは何かな,0,0.0
2026-08-16T17:18:06.673510,sess-20260816-171806-2663,2回目の発話,0,0.0
2026-08-16T17:18:25.021735,voice-2448505318880,こんにちはテストです,0,0.0
2026-08-16T17:23:58.940505,sess-20260816-160810-5702,再度調べた結果をGoogleドキュメントで出力せよう,0,76.781
2026-08-16T17:45:09.650834,sess-20260816-174501-0664,"Hey, C.L.A.I.R.E.",0,71.787
2026-08-16T17:47:39.248947,voice-1976417738320,2026年7月から放送開始したアニメを一覧で表にしてまとめてそれをGoogleドキュメントで出力してください,0,26.201
2026-08-16T17:49:49.212850,voice-3002455052448,後続確認,0,0.001
2026-08-16T17:50:06.930570,voice-2300081458304,後続確認,0,0.0
2026-08-16T17:50:06.970886,voice-2300081894320,接続が生きていることの確認,0,0.001
2026-08-16T17:50:15.515138,voice-2804937310768,後続確認,0,0.0
2026-08-16T17:50:15.564184,voice-2804937903712,接続が生きていることの確認,0,0.0
2026-08-16T17:50:15.582935,voice-2804939382208,こんにちは,0,0.202
2026-08-16T17:50:15.797748,voice-2804939555088,テスト,0,0.0
2026-08-16T17:50:16.283750,sess-20260816-175016-1668,テスト,0,0.0
2026-08-16T17:49:11.528129,sess-20260816-174820-7987,2026年7月から放送開始したアニメを調べて、それを一覧表にしてまとめて、Googleドキュメントにまとめてください。,0,65.508
2026-08-16T17:50:35.791654,sess-20260816-175035-2996,明日の予定を教えて,0,0.002
2026-08-16T17:50:39.416326,voice-2804937906592,テスト,0,0.0
2026-08-16T17:50:39.428832,voice-2804937998608,テスト,0,0.001
2026-08-16T17:50:39.454352,sess-20260816-175039-3269,この資料からおすすめな曲のタイトルは何かな,0,0.001
2026-08-16T17:50:39.491488,sess-20260816-175039-6479,この資料からおすすめな曲のタイトルは何かな,0,0.0
2026-08-16T17:50:39.540020,sess-20260816-175039-3021,2回目の発話,0,0.0
2026-08-16T17:50:58.854313,voice-2804937910432,こんにちはテストです,0,0.002
2026-08-16T17:51:26.215307,sess-20260816-174820-7987,アベンジャーズドゥームズデイに関係する作品を一覧でまとめてGoogleドキュメントにまとめて,0,56.802
2026-08-16T17:56:51.344419,sess-20260816-175353-3590,先ほど別のチャットでアベンジャーズドゥームズデイに関連する作品リストを作成してもらいましたが、その中には出演されているシャンチーやX-MENのメンバーの作品が書かれていなかったので、そちらをどうして外したのかを回答し、もしも忘れてしまった場合はリストに追加してください。また、MCUでX-MENは作品が多いので、最低どの作品を見ればドゥームズデイがわかるのかもリストに反映してください。 また、塩キャストの方から作品リストを洗い出してください。ブラックパンサー等もなかったと思うので、そちらも考慮して再度最適なリストを作成し、最終的に見る順番と優先度をランキング形式で表にまとめてください。次のURLがそのドキュメントです。これに更新して。https://docs.google.com/document/d/1Dhky-8wTQI3VHZxddkMGa97xCQiVwQr7QWF3hK_jLpE/edit?tab=t.0,0,73.278
2026-08-16T17:59:45.119383,sess-20260816-175842-2785,アベンジャーズドゥームズデイに出演するキャスト人から関連する作品リストを作成し、一覧を作成してGoogleドキュメントに出力してください。またそのGoogleドキュメントでは作品が多いので、見る優先順位っていうのをランキング検式で最後まとめてください。,0,92.914
2026-08-16T18:03:45.727003,sess-20260816-180306-9119,2026年7月から放送開始したテレビアニメーションを一覧で作成しそれをGoogle スプレートシートにまとめてくださいまたジャンルごとに分けて出力することでジャンルが同じものに関しては同じ色でハイライトするようにしてください,0,53.479
2026-08-16T18:08:37.770597,sess-20260816-180813-6574,今日の東京都の天気を調べて,0,33.697
2026-08-16T18:10:56.756674,sess-20260816-180813-6574,AIコンサルタントの時給を調べて、また月給も教えて,0,83.644
2026-08-16T18:20:04.905092,sess-20260816-181918-9633,東京都でおすすめの映画館を教えて,0,38.881
2026-08-16T18:30:34.878597,sess-20260816-182950-9591,KIDO、CLEAR、KIDO,0,65.424
2026-08-16T18:31:22.395088,sess-20260816-183057-2862,ブレイブでブランドニューデイの曲を探して音声を流して,0,57.779
2026-08-16T18:38:45.626182,sess-20260816-183552-9121,2025年の3月から2026年8月の現在までに行われた研究の中で筋トレにおける研究で大胸筋、背中、下半身、上腕三頭筋、上腕二頭筋、前腕あと肩の分類で各種目、3種目ずつ選択するとしたらどの種目がいいのかっていうのを最新の科学の勤の論文に従って提示してくださいその内容をGoogleのドキュメントにまとめてください。リサーチする論文は国際学会などで発表された査読付き論文のみからお願いします,0,85.044
2026-08-16T19:11:36.621438,voice-2228894480672,後続確認,0,0.0
2026-08-16T19:11:36.660079,voice-2228895172992,接続が生きていることの確認,0,0.001
2026-08-16T19:11:36.676591,voice-2228896487888,こんにちは,0,0.201
2026-08-16T19:11:36.887559,voice-2228896546256,テスト,0,0.001
2026-08-16T19:11:37.270595,sess-20260816-191137-9964,テスト,0,0.0
2026-08-16T19:11:41.966538,sess-20260816-191141-0794,明日の予定を教えて,0,0.001
2026-08-16T19:11:45.607097,voice-2228895082992,テスト,0,0.0
2026-08-16T19:11:45.620100,voice-2228895267296,テスト,0,0.0
2026-08-16T19:11:45.642610,sess-20260816-191145-4808,この資料からおすすめな曲のタイトルは何かな,0,0.0
2026-08-16T19:11:45.673630,sess-20260816-191145-8046,この資料からおすすめな曲のタイトルは何かな,0,0.001
2026-08-16T19:11:45.711694,sess-20260816-191145-3469,2回目の発話,0,0.0
2026-08-16T19:12:05.097389,voice-2228895170880,こんにちはテストです,0,0.001
2026-08-16T19:15:49.587746,voice-1201877467840,後続確認,0,0.001
2026-08-16T19:15:49.645031,voice-1201878060928,接続が生きていることの確認,0,0.0
2026-08-16T19:15:49.659030,voice-1201879408592,こんにちは,0,0.202
2026-08-16T19:15:49.872604,voice-1201879581664,テスト,0,0.001
2026-08-16T19:15:50.240646,sess-20260816-191550-8478,テスト,0,0.001
2026-08-16T19:15:53.668818,sess-20260816-191553-0333,明日の予定を教えて,0,0.0
2026-08-16T19:15:57.249284,voice-1201878254608,テスト,0,0.0
2026-08-16T19:15:57.261284,voice-1201878171088,テスト,0,0.0
2026-08-16T19:15:57.283284,sess-20260816-191557-7947,この資料からおすすめな曲のタイトルは何かな,0,0.0
2026-08-16T19:15:57.311365,sess-20260816-191557-0843,この資料からおすすめな曲のタイトルは何かな,0,0.0
2026-08-16T19:15:57.351106,sess-20260816-191557-2085,2回目の発話,0,0.001
2026-08-16T19:16:16.628526,voice-1201877483440,こんにちはテストです,0,0.0
2026-08-16T20:49:59.767609,sess-20260816-204804-6581,2026年7月放送した新規アニメで、その一覧を表で作成して、Google スプレートシートで出力してください,0,67.535
2026-08-16T20:56:48.371638,sess-20260816-205419-7428,2026年4月から放送した新規アニメを調査して、その結果を一覧表でまとめGoogleスプレッドシートに出力してください,0,68.235
2026-08-16T22:49:15.911653,sess-20260816-224626-5608,ブレイブでミセスグリーンアップルのブランドニューを流して,0,6.719
2026-08-16T22:49:49.408664,sess-20260816-224626-5608,ミセスグリーンアップルのBrand Newを流して,0,1.95
2026-08-16T22:51:26.177704,sess-20260816-224626-5608,ミセスグリーンアップルのOfficial Music videoのBrand Newを流して,0,1.861
2026-08-16T22:52:51.699337,sess-20260816-224626-5608,蓮ノ空女学院スクールアイドルクラブのドリームビリーバーズを流して,0,2.513
2026-08-16T22:54:39.758273,sess-20260816-224626-5608,"蓮ノ空女学院スクールアイドルクラブの
Dream Believers (104期 Ver.)を流して",0,2.56
2026-08-16T22:55:05.620292,sess-20260816-224626-5608,"蓮ノ空女学院スクールアイドルクラブの
Dream Believersを流して",0,1.928
2026-08-16T22:57:40.598328,sess-20260816-224626-5608,蓮ノ空女学院スクールアイドルクラブの曲でおすすめの曲を流して,0,2.56
2026-08-16T22:58:02.260428,sess-20260816-224626-5608,蓮ノ空女学院スクールアイドルクラブの曲でおすすめの曲を１曲ピックアップして流して,0,3.18
2026-08-16T22:59:53.584824,sess-20260816-224626-5608,"C.L.A.I.R.E.、Tailin、LanceDB、PASOLERAZZE、TailDoubleLance、VANKZ、music,いっんんんんんんんんんんんんんんんん Controlんんんんんくスペースんん",0,19.762
2026-08-16T23:00:48.555010,sess-20260816-230003-8387,アベンジャーズ、Doom製のテーマ曲を流して,0,2.583
2026-08-16T23:00:59.697830,sess-20260816-230003-8387,Avengers Doomsday | Official Theme | EPIC VERSIONを流して,0,2.017
2026-08-16T23:01:25.761654,sess-20260816-230003-8387,Avengers Doomsday Theme | EPIC TRAILER 2 MUSIC - Special Lookを流して,0,2.028
2026-08-18T00:27:10.597674,voice-2181485929552,後続確認,0,0.0
2026-08-18T00:27:10.678903,voice-2181532049696,接続が生きていることの確認,0,0.0
2026-08-18T00:27:10.704480,voice-2181518609536,こんにちは,0,0.202
2026-08-18T00:27:10.925444,voice-2181532128352,テスト,0,0.0
2026-08-18T00:27:11.460484,sess-20260818-002711-3725,テスト,0,0.001
2026-08-18T00:27:28.281325,sess-20260818-002728-1646,明日の予定を教えて,0,0.0
2026-08-18T00:27:31.824777,voice-2181533533776,テスト,0,0.001
2026-08-18T00:27:31.838565,voice-2181533622320,テスト,0,0.001
2026-08-18T00:27:31.860641,sess-20260818-002731-4515,この資料からおすすめな曲のタイトルは何かな,0,0.001
2026-08-18T00:27:31.893928,sess-20260818-002731-9808,この資料からおすすめな曲のタイトルは何かな,0,0.0
2026-08-18T00:27:31.938371,sess-20260818-002731-4308,2回目の発話,0,0.0
2026-08-18T00:27:50.289829,voice-2181532135168,こんにちはテストです,0,0.0
2026-08-18T11:38:34.159003,sess-20260818-112203-1187,本日の東京都の天気を調べて,0,57.784
2026-08-18T11:40:10.399205,sess-20260818-112203-1187,では明日の東京都の天気を調べて,0,34.503
